Faculty Name,Google Scholar Link
Kawkab Alhejoj,
Rohan Attele,
Tomasz Bielecki,https://scholar.google.com/citations?user=P_LECrkAAAAJ&hl=en
George Byrne,
Kevin W. Cassel,https://scholar.google.com/citations?user=9p8tAXwAAAAJ&hl=en
Maggie Cheng,https://scholar.google.com/citations?user=Hjfb8hkAAAAJ&hl=en
Qing Cheng,https://scholar.google.com/citations?user=kcyTtbgAAAAJ&hl=en
Sou-Cheng Terrya Choi,https://scholar.google.com/citations?user=P2I32kEAAAAJ&hl=en
Igor Cialenco,https://scholar.google.com/citations?user=6tLB7_YAAAAJ&hl=en
Yuhan Ding,https://scholar.google.com/citations?user=92BgQd8AAAAJ&hl=en
Jinqiao (Jeffrey) Duan,https://scholar.google.com/citations?user=KNeIeiAAAAAJ&hl=en
Warren Edelstein,
Robert S. Eisenberg,
Robert Ellis,https://scholar.google.com/citations?user=9xoZSWkAAAAJ&hl=en
Johnna M. Gause,
Barbara Heller,
Fred J. Hickernell,https://scholar.google.com/citations?user=dJbMJG8AAAAJ&hl=en
Faith C. Kancauski,
Jeong-Hyun Kang,
Hemanshu Kaul,https://scholar.google.com/citations?user=AHhfq74AAAAJ&hl=en
Nathan Kirk,https://scholar.google.com/citations?user=pAINurIAAAAJ&hl=en
Trevor Leslie,https://scholar.google.com/citations?user=KJE37y0AAAAJ&hl=en
Shuwang Li,https://scholar.google.com/citations?user=83z3UfsAAAAJ&hl=en
Xiaofan Li,https://scholar.google.com/citations?user=T6hCMFQAAAAJ&hl=en
Huiling Liao,https://scholar.google.com/citations?user=8_9ha4oAAAAJ&hl=en
Chun Liu,https://scholar.google.com/citations?user=vAzTQA8AAAAJ&hl=en
Yubin Lu,https://scholar.google.com/citations?user=Vv4-jsoAAAAJ&hl=en
Arthur Lubin,
David Maslanka,
F.R. McMorris,https://scholar.google.com/citations?user=IbNAIukAAAAJ&hl=en
Megan Morrison,https://scholar.google.com/citations?user=eM_Dh3cAAAAJ&hl=en
Paul Musial,
Daniel Noelck,
Michael Novack,https://scholar.google.com/citations?user=PdnX2XEAAAAJ&hl=en
Kiah Wah Ong,https://scholar.google.com/citations?user=Hm4JKTkAAAAJ&hl=en
Michael Pelsmajer,https://scholar.google.com/citations?user=8LH0BgIAAAAJ&hl=en
Sonja Petrović,https://scholar.google.com/citations?user=itYIYM8AAAAJ&hl=en
Gorjana Popovic,https://scholar.google.com/citations?user=AfrPLA0AAAAJ&hl=en
Jay D. Schieber,https://scholar.google.com/citations?user=Rr8XV8AAAAAJ&hl=en
Joseph Shive,
Despina Stasi,https://scholar.google.com/citations?user=nYgzlV4AAAAJ&hl=en
Charles Tier,
Fred Weening,
Lane Chun Yeung,https://scholar.google.com/citations?user=MCvJ4MgAAAAJ&hl=en
Asmamaw Yimer,
Lynda Zenati,