Faculty Name,Google Scholar Link
Gady Adam,
Atef Bader,
Gerald Balekaki,
Venkata Sai Naveena Bathula,
André Bauer,https://scholar.google.com/citations?user=E8LJS8UAAAAJ&hl=en
Matthew Bauer,
Mustafa Bilgic,https://scholar.google.com/citations?user=bOM9qN8AAAAJ&hl=en
Virgil Bistriceanu,
Dylan Boliske,
Varvara Bondarenko,https://scholar.google.com/citations?user=5f8R-awAAAAJ&hl=en
Iline Burnstein,
Gruia Calinescu,https://scholar.google.com/citations?user=axLpOwwAAAAJ&hl=en
Edward Chelbus,
Yonshik Choi,
Yue Dai,https://scholar.google.com/citations?user=f3zYpYwAAAAJ&hl=en
Carol Davids,
Kanisha Davis,
Dawn Debartolo,
Farzaneh Derakhshan,https://scholar.google.com/citations?user=C5JlM6AAAAAJ&hl=en
Yun Dong,
Jacek Dzikowski,
Yousef Elmehdwi,https://scholar.google.com/citations?user=ytI9e6oAAAAJ&hl=en
Tzilla Elrad,
Martha Evens,
Lance Fortnow,https://scholar.google.com/citations?user=Yf5wVssAAAAJ&hl=en
Navendu Garg,
Farshard Ghanei,https://scholar.google.com/citations?user=vMUDA8YAAAAJ&hl=en
Boris Glavic,https://scholar.google.com/citations?user=lCdBR8cAAAAJ&hl=en
Iulia Griza,
Vijay Gurbani,https://scholar.google.com/citations?user=gs-Ha68AAAAJ&hl=en
Max Han,
Jon Hanrath,
Sargon Hasso,https://scholar.google.com/citations?user=kgRgDikAAAAJ&hl=en
Cynthia Hood,
Dennis Hood,
Nathaniel Hudson,https://scholar.google.com/citations?user=_fXM3BMAAAAJ&hl=en
Yanxue Jia,https://scholar.google.com/citations?user=lOLhpwgAAAAJ&hl=zh-CN
Sanjiv Kapoor,https://scholar.google.com/citations?user=5KwApbgAAAAJ&hl=en
Sheryl Kimmel,
Bogdan Korel,
Antonios Kougkas,https://scholar.google.com/citations?user=hiNO0EEAAAAJ&hl=en
Ming-Long Lam,
Michael Lee,
Ben Lenard,https://scholar.google.com/citations?user=-bGOnMIAAAAJ&hl=en
Francis Leung,
Xiaoyang Lu,https://scholar.google.com/citations?user=54-lMHUAAAAJ&hl=en
Irina Matveeva,
Ann M. McBroom,
Oliver Michel,https://scholar.google.com/citations?user=qWwItckAAAAJ&hl=en
Mark Roman Miller,https://scholar.google.com/citations?user=vZ6wHIwAAAAJ&hl=en
Stefan Muller,https://scholar.google.com/citations?user=vM6V_aMAAAAJ&hl=en
Oleksandr Narykov,https://scholar.google.com/citations?user=3pMgtQgAAAAJ&hl=en
Bogdan Nicolae,https://scholar.google.com/citations?user=HMNY1JIAAAAJ&hl=en
Jerzy Nogiec,
Jawahar Panchal,
Ioan Raicu,https://scholar.google.com/citations?user=jE73HYAAAAAJ&hl=en
Edward Reingold,https://scholar.google.com/citations?user=UlQeH7AAAAAJ&hl=en
Dennis A. Roberson,https://scholar.google.com/citations?user=DdwGOIMAAAAJ&hl=en
Shouvik Roy,https://scholar.google.com/citations?user=7HsztVEAAAAJ&hl=en
Rosemarie Ruggiero,
James T. Sasaki,
Nik Sultana,https://scholar.google.com/citations?user=Z_tcP68AAAAJ&hl=en
Xian-He Sun,https://scholar.google.com/citations?user=9h3JX7MAAAAJ&hl=en
Utkarsh Tiwari,
Peng-Jun Wan,https://scholar.google.com/citations?user=TXUhDokAAAAJ&hl=en
Binghui Wang,https://scholar.google.com/citations?user=SoOztcEAAAAJ&hl=en
Xiaolang Wang,https://scholar.google.com/citations?user=LziZDUkAAAAJ&hl=en
Yutong Wang,https://scholar.google.com/citations?user=GH7ryE4AAAAJ&hl=en
Wang Wenyi,
Xingfu Wu,https://scholar.google.com/citations?user=fMfGoSgAAAAJ&hl=en
Yan Yan,https://scholar.google.com/citations?user=zhi-j1wAAAAJ&hl=en
Lan Yao,
Minxuan Zhou,https://scholar.google.com/citations?user=fOKau-4AAAAJ&hl=en