Faculty Name,Google Scholar Link
Adarsh Arora,
Brian Bailey,
Charles Beck,
Nicole Beebe,https://scholar.google.com/citations?user=J5jDM5sAAAAJ&hl=en
Shadi Beidas,
Kayla M. Botica,
C. Robert Bob Carlson,https://scholar.google.com/citations?user=MF9HXW0AAAAJ&hl=en
Carol Davids,
Shawn Davis,
Maurice E. Dawson,https://scholar.google.com/citations?user=i7acQcEAAAAJ&hl=en
Yun Dong,https://scholar.google.com/citations?user=UtjC0f0AAAAJ&hl=en
Subhashish Ghosh,
Bonnie A. Goins,
Gurram Gopal,https://scholar.google.com/citations?user=CK11y-EAAAAJ&hl=en
Jeremy Hajek,
Nazneen Hashmi,
Yibo Hu,https://scholar.google.com/citations?user=Riwf4RIAAAAJ&hl=en
Peisong Huang,
Sean Hughes-Durkin,
Thomas Johnson,
Daniel Krieglstein,
Raj Krishnan,
Jason Lambert,
Daniel Lee,https://scholar.google.com/citations?user=AsxRqm0AAAAJ&hl=en
Hosea Lee,
William (Bill) Lidinsky,
Steven Lisitza,
Philip (Phil) Matuszak,
Sean McBride,
Donald Nelson,
Ryan Nelson,
Marwan Omar,https://scholar.google.com/citations?user=5T5iAZQAAAAJ&hl=en
James Papademas,
Katherine Papademas,
Luke Papademas,
Vasilios (Billy) Pappademetriou,
Rahul Patel,
Ann Rangarajan,
Ramesh Rao,
Steven C. Rubinow,
Martin Schray,
Sheikh (Sam) Shamsuddin,
Suemee Shin,
Scott Spyrison,
Ray Trygstad,https://scholar.google.com/citations?user=u9xFh9sAAAAJ&hl=en
Kevin Vaccaro,
Yong Zheng,https://scholar.google.com/citations?user=0FENWMcAAAAJ&hl=en
Ben Zumhagen,